station_name,latitude,longitude,AT,RH,PM2_5,PM10,CO2,time_slot,start_hour,end_hour,slot_number,AQI
Gurugram -  Kanhai Bijli Board,28.446669,77.073737,29.886666666666667,75.88,29.09,138.76,447.6966666666667,00:00-02:59,0,2,1,126
Gurugram - Baliawas Govt School,28.424617,77.144362,29.94333333333333,95.0,49.63666666666666,71.53666666666668,482.1233333333333,00:00-02:59,0,2,1,82
Gurugram - Bhondsi Govt School ,28.349559,77.06553,30.076666666666668,72.04,27.13,140.66333333333333,,00:00-02:59,0,2,1,127
Gurugram - Daulatbad School  ,28.490547,76.994509,32.52,74.81666666666666,45.53333333333333,104.80666666666669,473.70666666666665,00:00-02:59,0,2,1,104
Gurugram - Garouli Khurd Govt School ,28.441068,76.981293,30.50333333333333,89.43,38.02333333333333,97.14666666666666,403.24,00:00-02:59,0,2,1,97
Gurugram - Ghata Govt School,28.42223,77.113236,31.686666666666667,86.96333333333332,25.19333333333333,47.06666666666666,404.61,00:00-02:59,0,2,1,47
Gurugram - Gwal Pahari Govt School ,28.433922,77.145996,30.37333333333333,95.0,44.620000000000005,66.49666666666667,400.0,00:00-02:59,0,2,1,74
Gurugram - IMT Manesar  Krishna society,28.357999,76.935903,31.296666666666667,84.44333333333333,22.406666666666663,107.65666666666668,457.43666666666667,00:00-02:59,0,2,1,105
Gurugram - Jharsa Govt School ,28.441337,77.048096,32.56666666666667,92.31,38.153333333333336,97.43666666666668,400.0,00:00-02:59,0,2,1,97
Gurugram - Kadarpur Govt School ,28.393339,77.101757,,28.8,10.343333333333334,48.13333333333333,400.0,00:00-02:59,0,2,1,48
Gurugram - Krishna Nagar budhera watar plant,28.48293,76.908602,32.24,81.64,41.07666666666666,82.73,400.08,00:00-02:59,0,2,1,83
Gurugram - Manesar Polytechnic Collage ,28.335762,76.926774,30.94,92.95666666666666,31.906666666666663,47.876666666666665,436.7533333333333,00:00-02:59,0,2,1,53
Gurugram - Manesar Village Govt School,28.352222,76.937177,31.14,86.04333333333334,23.486666666666668,109.98,417.4766666666667,00:00-02:59,0,2,1,107
Gurugram - Marla Shivaji Nagar Police Station,28.453801,77.020454,32.18,77.89333333333333,44.11333333333334,103.28000000000002,400.0,00:00-02:59,0,2,1,103
Gurugram - Nurangpur Govt School,28.353966,76.969591,31.27,90.6,23.576666666666668,110.07,400.0,00:00-02:59,0,2,1,107
Gurugram - Sector 1,28.365316,76.946438,25.91,95.0,32.60666666666666,119.05333333333331,487.6933333333333,00:00-02:59,0,2,1,113
Gurugram - Sector 10,28.45059,76.99679,24.576666666666668,95.0,31.133333333333336,90.40333333333332,423.2966666666666,00:00-02:59,0,2,1,90
Gurugram - Sector 105,28.500617,77.013227,32.13333333333333,75.37666666666667,48.16666666666666,107.43666666666668,627.4033333333333,00:00-02:59,0,2,1,105
Gurugram - Sector 11 - Colocation Vikas Sadan ,28.449563,77.028166,31.516666666666666,95.0,33.34,92.62333333333332,461.31666666666666,00:00-02:59,0,2,1,93
Gurugram - Sector 113 ,28.532499,77.02384,31.840000000000003,79.14666666666666,39.72333333333333,122.32,423.0733333333333,00:00-02:59,0,2,1,115
Gurugram - Sector 12,28.466067,77.023713,38.17333333333333,50.72666666666667,41.67333333333333,100.94333333333331,526.8100000000001,00:00-02:59,0,2,1,69
Gurugram - Sector 14 shuash chandar park,28.473744,77.053508,26.263333333333332,95.0,31.746666666666663,90.78,482.93,00:00-02:59,0,2,1,91
Gurugram - Sector 15,28.452573,77.040449,30.93,95.0,34.53,93.82666666666668,523.9833333333332,00:00-02:59,0,2,1,94
Gurugram - Sector 15 MCG Old Committee,28.461273,77.032849,29.863333333333333,95.0,37.89333333333334,97.18,407.98,00:00-02:59,0,2,1,97
Gurugram - Sector 17,28.476462,77.064274,26.5,94.83666666666666,24.80333333333333,125.05,431.5966666666666,00:00-02:59,0,2,1,117
Gurugram - Sector 18,28.486237,77.06628,30.80333333333333,88.67666666666666,34.75333333333333,134.61,492.25666666666666,00:00-02:59,0,2,1,123
Gurugram - Sector 21,28.511332,77.073744,25.41,95.0,23.31,123.07,433.5033333333333,00:00-02:59,0,2,1,116
Gurugram - Sector 22 ,28.500717,77.059503,35.61666666666667,57.53333333333333,28.570000000000004,127.68333333333334,525.2366666666667,00:00-02:59,0,2,1,119
Gurugram - Sector 23A community centre,28.508267,77.04119,36.046666666666674,56.27,41.2,100.26,526.2866666666667,00:00-02:59,0,2,1,68
Gurugram - Sector 24 aravali botanic park,28.482266,77.114755,28.76,95.0,35.63,148.72,495.33,00:00-02:59,0,2,1,133
Gurugram - Sector 29,28.470195,77.063249,31.846666666666664,86.10666666666667,39.34333333333333,98.54,480.2966666666666,00:00-02:59,0,2,1,99
Gurugram - Sector 38,28.429539,77.037968,31.21,95.0,35.016666666666666,94.13333333333333,443.84,00:00-02:59,0,2,1,94
Gurugram - Sector 40,28.450184,77.052716,32.056666666666665,95.0,32.61333333333334,91.88666666666666,419.4866666666667,00:00-02:59,0,2,1,92
Gurugram - Sector 43,28.452392,77.092284,27.906666666666663,94.56166666666668,30.44833333333333,129.90166666666667,463.1983333333333,00:00-02:59,0,2,1,120
Gurugram - Sector 44,28.455281,77.069498,30.46,95.0,39.28333333333333,152.82666666666668,416.37000000000006,00:00-02:59,0,2,1,135
Gurugram - Sector 51 Boosting station,28.429797,77.060825,32.18,80.11333333333333,29.87333333333333,141.84333333333333,850.5500000000001,00:00-02:59,0,2,1,128
Gurugram - Sector 51 Gurugram Collage ,28.422649,77.0664,31.223333333333333,95.0,45.36333333333334,158.92,549.2533333333333,00:00-02:59,0,2,1,139
Gurugram - Sector 51_2,28.423302,77.067241,31.040000000000003,95.0,47.78,161.23333333333335,496.25,00:00-02:59,0,2,1,141
Gurugram - Sector 52A,28.432592,77.091672,30.44333333333333,95.0,40.17,153.74666666666667,417.00666666666666,00:00-02:59,0,2,1,136
Gurugram - Sector 55 Shushant University,28.431094,77.111638,32.07333333333333,84.01333333333334,25.186666666666667,47.06333333333333,429.62,00:00-02:59,0,2,1,47
Gurugram - Sector 56,28.424885,77.103146,29.94,95.0,41.76333333333333,155.35333333333332,405.25666666666666,00:00-02:59,0,2,1,137
Gurugram - Sector 57 SDM office,28.42349,77.076552,29.71333333333333,95.0,41.86666666666667,155.44,400.0,00:00-02:59,0,2,1,137
Gurugram - Sector 65 police Station,28.401424,77.062531,31.343333333333334,91.16333333333334,28.906666666666663,142.46333333333334,587.06,00:00-02:59,0,2,1,129
Gurugram - Sector 68,28.392163,77.047775,30.676666666666662,90.48333333333332,35.723333333333336,149.29,458.25666666666666,00:00-02:59,0,2,1,133
Gurugram - Sector 7,28.374427,76.917052,24.94333333333333,95.0,34.64,121.16,494.9333333333333,00:00-02:59,0,2,1,114
Gurugram - Sector 70,28.39442,77.027833,31.540000000000003,79.85000000000001,25.55,139.22333333333333,460.15,00:00-02:59,0,2,1,126
Gurugram - Sector 8,28.460299,77.019487,30.21333333333333,93.53333333333336,39.01,98.30333333333331,571.85,00:00-02:59,0,2,1,98
Gurugram - Sector 8 IMT Manesar,28.37528384,76.89897382,31.64,80.91666666666667,23.506666666666664,110.35333333333334,403.16333333333336,00:00-02:59,0,2,1,107
Gurugram - Sector 80,28.363209,76.957682,30.83,76.90333333333334,26.78333333333333,113.28666666666668,400.0,00:00-02:59,0,2,1,109
Gurugram - Sector 81A,28.377381,76.954739,30.21666666666667,95.0,28.960000000000004,115.43666666666668,400.0,00:00-02:59,0,2,1,111
Gurugram - Sector 82,28.395279,76.959695,24.42333333333333,95.0,39.38,125.93333333333334,467.09,00:00-02:59,0,2,1,118
Gurugram - Sector 88 ,28.421434,76.956804,32.12,78.22,23.45,109.90666666666668,419.5866666666666,00:00-02:59,0,2,1,107
Gurugram - Sector 91,28.403298,76.915898,32.190000000000005,77.25666666666667,24.96666666666667,111.49,400.0,00:00-02:59,0,2,1,108
Gurugram - Sector 92,28.413654,76.912842,24.566666666666663,95.0,37.35666666666666,123.73333333333332,478.0966666666666,00:00-02:59,0,2,1,116
Gurugram - Sector 93 police station ,28.42012,76.937518,33.45,73.32666666666667,24.97,111.46333333333332,407.6966666666667,00:00-02:59,0,2,1,108
Gurugram - Shikohpur Village Govt School ,28.370157,76.985032,31.12333333333333,95.0,27.69666666666667,114.09,403.65,00:00-02:59,0,2,1,110
Gurugram - Sihi Govt School ,28.409701,76.971676,34.31666666666667,82.17666666666666,20.2,106.76,508.3033333333333,00:00-02:59,0,2,1,105
Gurugram - Silokhra Govt School,28.457423,77.059079,32.26333333333333,77.93333333333334,45.34333333333333,104.62,400.0,00:00-02:59,0,2,1,103
Gurugram - Tahsil Badshahpur,28.399713,77.055285,30.00666666666667,95.0,42.78,156.32333333333335,536.5933333333334,00:00-02:59,0,2,1,138
Gurugram - Teri gram ,28.426002,77.146263,34.53,84.23,38.25,60.09333333333333,570.6833333333333,00:00-02:59,0,2,1,63
Gurugram - Tigra Govt School ,28.416801,77.072824,30.926666666666662,94.7,37.72,150.51666666666668,401.70666666666665,00:00-02:59,0,2,1,134
Gurugram - Ullawas Govt School,28.404975,77.095545,30.883333333333336,86.57,26.876666666666665,140.41666666666666,400.0,00:00-02:59,0,2,1,127
Gurugram Sector 5&6,28.477048,77.021459,33.63999999999999,68.10666666666667,42.56333333333333,101.85333333333334,405.0,00:00-02:59,0,2,1,102
Sector 14 HSVP Administer office,28.477658,77.046274,29.88,95.0,36.89,96.13,,00:00-02:59,0,2,1,96
Gurugram -  Kanhai Bijli Board,28.446669,77.073737,30.19666666666667,76.21333333333332,24.50333333333333,138.70000000000002,466.5566666666667,03:00-05:59,3,5,2,126
Gurugram - Baliawas Govt School,28.424617,77.144362,29.316666666666663,95.0,37.53666666666667,58.37,472.6466666666667,03:00-05:59,3,5,2,62
Gurugram - Bhondsi Govt School ,28.349559,77.06553,29.596666666666668,73.52333333333333,20.256666666666668,134.41,,03:00-05:59,3,5,2,123
Gurugram - Daulatbad School  ,28.490547,76.994509,31.563333333333333,77.77,40.19,77.74666666666667,482.97,03:00-05:59,3,5,2,78
Gurugram - Garouli Khurd Govt School ,28.441068,76.981293,30.586666666666662,89.60666666666667,34.60333333333333,71.94,417.98,03:00-05:59,3,5,2,72
Gurugram - Ghata Govt School,28.42223,77.113236,31.133333333333336,88.03666666666668,19.786666666666665,40.66333333333333,402.6333333333334,03:00-05:59,3,5,2,41
Gurugram - Gwal Pahari Govt School ,28.433922,77.145996,29.546666666666667,95.0,42.75333333333333,63.586666666666666,406.1433333333334,03:00-05:59,3,5,2,71
Gurugram - IMT Manesar  Krishna society,28.357999,76.935903,30.346666666666668,87.53333333333335,30.843333333333334,120.88,449.6566666666667,03:00-05:59,3,5,2,114
Gurugram - Jharsa Govt School ,28.441337,77.048096,31.423333333333336,95.0,28.786666666666665,66.34333333333333,400.0,03:00-05:59,3,5,2,66
Gurugram - Kadarpur Govt School ,28.393339,77.101757,,29.48333333333333,9.093333333333332,30.236666666666668,404.58,03:00-05:59,3,5,2,30
Gurugram - Krishna Nagar budhera watar plant,28.48293,76.908602,31.396666666666665,84.45666666666666,30.78,69.72333333333334,400.0,03:00-05:59,3,5,2,70
Gurugram - Manesar Polytechnic Collage ,28.335762,76.926774,29.87333333333333,95.0,28.203333333333333,41.56,454.2,03:00-05:59,3,5,2,47
Gurugram - Manesar Village Govt School,28.352222,76.937177,30.593333333333334,88.03333333333335,26.7,115.14333333333332,426.18,03:00-05:59,3,5,2,110
Gurugram - Marla Shivaji Nagar Police Station,28.453801,77.020454,30.71333333333333,82.60000000000001,35.46666666666667,72.95333333333333,400.0,03:00-05:59,3,5,2,73
Gurugram - Nurangpur Govt School,28.353966,76.969591,30.606666666666666,93.26333333333332,22.626666666666665,112.66333333333334,400.5333333333333,03:00-05:59,3,5,2,109
Gurugram - Sector 1,28.365316,76.946438,24.99,95.0,29.896666666666665,119.97666666666667,488.8466666666666,03:00-05:59,3,5,2,114
Gurugram - Sector 10,28.45059,76.99679,24.33,95.0,29.02,66.22,465.265,03:00-05:59,3,5,2,66
Gurugram - Sector 105,28.500617,77.013227,31.383333333333336,77.18333333333332,40.3,77.84666666666668,640.3966666666666,03:00-05:59,3,5,2,78
Gurugram - Sector 11 - Colocation Vikas Sadan ,28.449563,77.028166,30.28333333333333,95.0,34.64333333333334,72.28333333333335,451.3133333333333,03:00-05:59,3,5,2,72
Gurugram - Sector 113 ,28.532499,77.02384,31.08333333333333,82.99666666666667,33.056666666666665,80.48333333333333,443.3466666666666,03:00-05:59,3,5,2,80
Gurugram - Sector 12,28.466067,77.023713,37.11666666666667,52.376666666666665,45.54333333333333,82.75333333333333,520.29,03:00-05:59,3,5,2,83
Gurugram - Sector 14 shuash chandar park,28.473744,77.053508,25.4,95.0,23.826666666666668,61.16666666666666,476.7166666666667,03:00-05:59,3,5,2,61
Gurugram - Sector 15,28.452573,77.040449,30.71666666666667,95.0,32.43,69.96,540.8833333333333,03:00-05:59,3,5,2,70
Gurugram - Sector 15 MCG Old Committee,28.461273,77.032849,29.55333333333333,95.0,32.07666666666666,69.60666666666667,420.28,03:00-05:59,3,5,2,70
Gurugram - Sector 17,28.476462,77.064274,26.276666666666667,95.0,18.433333333333334,76.72666666666667,435.4966666666666,03:00-05:59,3,5,2,77
Gurugram - Sector 18,28.486237,77.06628,30.17,91.41666666666669,28.796666666666667,87.06666666666666,490.7866666666666,03:00-05:59,3,5,2,87
Gurugram - Sector 21,28.511332,77.073744,25.186666666666667,95.0,21.226666666666667,79.42,449.32666666666665,03:00-05:59,3,5,2,79
Gurugram - Sector 22 ,28.500717,77.059503,35.21333333333333,58.68000000000001,32.67333333333334,90.99333333333334,548.1899999999999,03:00-05:59,3,5,2,91
Gurugram - Sector 23A community centre,28.508267,77.04119,36.31,54.873333333333335,39.14666666666667,76.72333333333334,531.2766666666666,03:00-05:59,3,5,2,77
Gurugram - Sector 24 aravali botanic park,28.482266,77.114755,28.343333333333334,95.0,24.423333333333336,82.53333333333335,541.9366666666666,03:00-05:59,3,5,2,83
Gurugram - Sector 29,28.470195,77.063249,31.22,87.91333333333334,35.513333333333335,73.07333333333334,481.87000000000006,03:00-05:59,3,5,2,73
Gurugram - Sector 38,28.429539,77.037968,30.376666666666665,95.0,35.01333333333333,72.5,454.98,03:00-05:59,3,5,2,72
Gurugram - Sector 40,28.450184,77.052716,31.40333333333333,95.0,25.80666666666667,63.31666666666666,412.1166666666666,03:00-05:59,3,5,2,63
Gurugram - Sector 43,28.452392,77.092284,27.345,95.0,26.33,84.46166666666666,472.6983333333333,03:00-05:59,3,5,2,84
Gurugram - Sector 44,28.455281,77.069498,29.62333333333333,95.0,27.46666666666667,141.6266666666667,407.18,03:00-05:59,3,5,2,128
Gurugram - Sector 51 Boosting station,28.429797,77.060825,31.25,83.03333333333335,21.08,135.26333333333335,862.6199999999999,03:00-05:59,3,5,2,124
Gurugram - Sector 51 Gurugram Collage ,28.422649,77.0664,30.276666666666667,95.0,34.57,148.67666666666665,552.0966666666667,03:00-05:59,3,5,2,133
Gurugram - Sector 51_2,28.423302,77.067241,29.876666666666665,95.0,39.376666666666665,153.52333333333334,443.0966666666666,03:00-05:59,3,5,2,136
Gurugram - Sector 52A,28.432592,77.091672,29.546666666666667,95.0,27.723333333333333,141.86666666666667,424.5533333333333,03:00-05:59,3,5,2,128
Gurugram - Sector 55 Shushant University,28.431094,77.111638,31.396666666666665,86.49666666666667,28.16333333333333,48.99333333333334,436.65333333333336,03:00-05:59,3,5,2,49
Gurugram - Sector 56,28.424885,77.103146,30.00333333333333,95.0,41.16,155.36,423.77,03:00-05:59,3,5,2,137
Gurugram - Sector 57 SDM office,28.42349,77.076552,29.96333333333333,95.0,41.64,153.85,401.9433333333333,03:00-05:59,3,5,2,136
Gurugram - Sector 65 police Station,28.401424,77.062531,30.486666666666665,89.67333333333333,24.86,128.79,595.2466666666667,03:00-05:59,3,5,2,119
Gurugram - Sector 68,28.392163,77.047775,29.55666666666667,95.0,33.403333333333336,147.57,464.7433333333333,03:00-05:59,3,5,2,132
Gurugram - Sector 7,28.374427,76.917052,24.766666666666666,95.0,25.776666666666667,115.82,526.9266666666666,03:00-05:59,3,5,2,111
Gurugram - Sector 70,28.39442,77.027833,30.41333333333333,84.56,24.24,137.45333333333335,454.4,03:00-05:59,3,5,2,125
Gurugram - Sector 8,28.460299,77.019487,30.4,93.63333333333333,33.54666666666667,70.88666666666667,597.6133333333333,03:00-05:59,3,5,2,71
Gurugram - Sector 8 IMT Manesar,28.37528384,76.89897382,31.11,85.97000000000001,27.72666666666667,117.81,401.8833333333334,03:00-05:59,3,5,2,112
Gurugram - Sector 80,28.363209,76.957682,30.043333333333333,80.83999999999999,30.11666666666667,120.15666666666668,400.0,03:00-05:59,3,5,2,114
Gurugram - Sector 81A,28.377381,76.954739,30.433333333333334,95.0,22.87333333333333,112.91333333333334,400.32,03:00-05:59,3,5,2,109
Gurugram - Sector 82,28.395279,76.959695,24.16333333333333,95.0,31.30333333333333,121.36333333333334,495.50666666666666,03:00-05:59,3,5,2,115
Gurugram - Sector 88 ,28.421434,76.956804,31.436666666666667,79.31666666666666,26.953333333333333,117.0,410.51,03:00-05:59,3,5,2,112
Gurugram - Sector 91,28.403298,76.915898,31.53,79.34666666666668,25.026666666666667,113.95,432.55,03:00-05:59,3,5,2,110
Gurugram - Sector 92,28.413654,76.912842,24.31,95.0,33.73666666666667,123.81333333333332,502.7766666666666,03:00-05:59,3,5,2,116
Gurugram - Sector 93 police station ,28.42012,76.937518,32.056666666666665,77.57333333333334,26.62333333333333,115.87666666666668,404.8033333333333,03:00-05:59,3,5,2,111
Gurugram - Shikohpur Village Govt School ,28.370157,76.985032,30.586666666666662,95.0,27.513333333333332,117.45333333333332,400.0,03:00-05:59,3,5,2,112
Gurugram - Sihi Govt School ,28.409701,76.971676,33.71333333333333,82.64999999999999,18.236666666666668,108.28333333333336,502.07666666666665,03:00-05:59,3,5,2,106
Gurugram - Silokhra Govt School,28.457423,77.059079,31.72,78.76333333333334,41.25333333333333,78.72333333333334,400.0,03:00-05:59,3,5,2,79
Gurugram - Tahsil Badshahpur,28.399713,77.055285,30.063333333333333,95.0,43.94333333333333,156.53,569.16,03:00-05:59,3,5,2,138
Gurugram - Teri gram ,28.426002,77.146263,33.93,86.39999999999999,29.94666666666667,50.79333333333333,563.1966666666667,03:00-05:59,3,5,2,50
Gurugram - Tigra Govt School ,28.416801,77.072824,30.256666666666664,95.0,28.46,142.63666666666666,400.0966666666666,03:00-05:59,3,5,2,129
Gurugram - Ullawas Govt School,28.404975,77.095545,30.03,89.89333333333333,22.703333333333333,136.79,403.9166666666667,03:00-05:59,3,5,2,125
Gurugram Sector 5&6,28.477048,77.021459,32.916666666666664,69.14999999999999,45.35999999999999,82.7,425.3733333333333,03:00-05:59,3,5,2,83
Sector 14 HSVP Administer office,28.477658,77.046274,29.84,95.0,31.37333333333333,67.13666666666667,,03:00-05:59,3,5,2,67
Gurugram -  Kanhai Bijli Board,28.446669,77.073737,29.786666666666665,77.28333333333335,23.243333333333336,191.92,466.6166666666666,06:00-08:59,6,8,3,161
Gurugram - Baliawas Govt School,28.424617,77.144362,29.703333333333333,95.0,33.71333333333333,74.23,489.93,06:00-08:59,6,8,3,74
Gurugram - Bhondsi Govt School ,28.349559,77.06553,29.616666666666664,74.7,24.106666666666666,191.7166666666667,,06:00-08:59,6,8,3,161
Gurugram - Daulatbad School  ,28.490547,76.994509,30.746666666666663,83.23,37.84333333333333,74.87666666666667,516.3266666666667,06:00-08:59,6,8,3,75
Gurugram - Garouli Khurd Govt School ,28.441068,76.981293,30.456666666666667,90.0,32.77333333333333,69.85666666666667,417.7833333333333,06:00-08:59,6,8,3,70
Gurugram - Ghata Govt School,28.42223,77.113236,30.73333333333333,93.16666666666669,26.96,67.59666666666666,416.1133333333333,06:00-08:59,6,8,3,68
Gurugram - Gwal Pahari Govt School ,28.433922,77.145996,30.03,95.0,36.66,70.0,400.0,06:00-08:59,6,8,3,70
Gurugram - IMT Manesar  Krishna society,28.357999,76.935903,30.73333333333333,87.77333333333333,27.98333333333333,115.85666666666668,445.3466666666666,06:00-08:59,6,8,3,111
Gurugram - Jharsa Govt School ,28.441337,77.048096,31.42,94.98333333333332,29.51,66.67333333333333,400.0,06:00-08:59,6,8,3,67
Gurugram - Kadarpur Govt School ,28.393339,77.101757,,28.430000000000003,8.75,46.03,400.0,06:00-08:59,6,8,3,46
Gurugram - Krishna Nagar budhera watar plant,28.48293,76.908602,31.64,86.20666666666666,29.81,56.173333333333325,400.47,06:00-08:59,6,8,3,56
Gurugram - Manesar Polytechnic Collage ,28.335762,76.926774,30.33,95.0,27.883333333333336,40.26333333333333,450.29,06:00-08:59,6,8,3,46
Gurugram - Manesar Village Govt School,28.352222,76.937177,30.576666666666668,90.9,20.593333333333334,108.46666666666664,431.4,06:00-08:59,6,8,3,106
Gurugram - Marla Shivaji Nagar Police Station,28.453801,77.020454,30.91,84.51666666666667,35.03,72.19,409.26,06:00-08:59,6,8,3,72
Gurugram - Nurangpur Govt School,28.353966,76.969591,30.790000000000003,93.58666666666666,23.096666666666664,110.97,402.2033333333334,06:00-08:59,6,8,3,108
Gurugram - Sector 1,28.365316,76.946438,25.430000000000003,95.0,27.15,115.02333333333333,478.6566666666667,06:00-08:59,6,8,3,110
Gurugram - Sector 10,28.45059,76.99679,24.486666666666668,95.0,29.2,66.41333333333334,458.31,06:00-08:59,6,8,3,66
Gurugram - Sector 105,28.500617,77.013227,30.576666666666664,82.80333333333333,36.23,73.44,624.4066666666666,06:00-08:59,6,8,3,73
Gurugram - Sector 11 - Colocation Vikas Sadan ,28.449563,77.028166,30.52,95.0,34.02,71.18666666666667,481.3133333333333,06:00-08:59,6,8,3,71
Gurugram - Sector 113 ,28.532499,77.02384,30.863333333333333,85.25,30.69666666666667,139.6266666666667,447.26666666666665,06:00-08:59,6,8,3,127
Gurugram - Sector 12,28.466067,77.023713,37.41,52.97333333333333,39.56,76.60333333333334,539.9866666666667,06:00-08:59,6,8,3,77
Gurugram - Sector 14 shuash chandar park,28.473744,77.053508,25.293333333333333,95.0,26.646666666666665,63.86000000000001,491.9166666666667,06:00-08:59,6,8,3,64
Gurugram - Sector 15,28.452573,77.040449,30.616666666666664,95.0,31.0,68.30666666666666,558.97,06:00-08:59,6,8,3,68
Gurugram - Sector 15 MCG Old Committee,28.461273,77.032849,29.846666666666668,94.71666666666664,32.32,69.67,419.43666666666667,06:00-08:59,6,8,3,70
Gurugram - Sector 17,28.476462,77.064274,25.856666666666666,95.0,20.26,93.28,452.75666666666666,06:00-08:59,6,8,3,93
Gurugram - Sector 18,28.486237,77.06628,29.62333333333333,93.33666666666666,25.626666666666665,98.61,493.64,06:00-08:59,6,8,3,99
Gurugram - Sector 21,28.511332,77.073744,24.76333333333333,95.0,18.23,91.18666666666668,447.47333333333336,06:00-08:59,6,8,3,91
Gurugram - Sector 22 ,28.500717,77.059503,34.71333333333333,60.656666666666666,29.83333333333333,102.84333333333332,543.3000000000001,06:00-08:59,6,8,3,102
Gurugram - Sector 23A community centre,28.508267,77.04119,35.733333333333334,57.00333333333333,40.56666666666666,77.94666666666666,543.5533333333333,06:00-08:59,6,8,3,78
Gurugram - Sector 24 aravali botanic park,28.482266,77.114755,28.6,95.0,25.026666666666667,97.81333333333332,468.8866666666667,06:00-08:59,6,8,3,98
Gurugram - Sector 29,28.470195,77.063249,30.516666666666666,93.02333333333333,35.39333333333334,72.47333333333333,462.45,06:00-08:59,6,8,3,72
Gurugram - Sector 38,28.429539,77.037968,30.60333333333333,95.0,34.78,72.00666666666667,487.23333333333335,06:00-08:59,6,8,3,72
Gurugram - Sector 40,28.450184,77.052716,31.136666666666667,95.0,29.33,66.69,431.4933333333333,06:00-08:59,6,8,3,67
Gurugram - Sector 43,28.452392,77.092284,27.05,95.0,28.99833333333333,101.79666666666668,486.5566666666667,06:00-08:59,6,8,3,102
Gurugram - Sector 44,28.455281,77.069498,29.62333333333333,95.0,34.82333333333333,203.6266666666667,436.7966666666666,06:00-08:59,6,8,3,169
Gurugram - Sector 51 Boosting station,28.429797,77.060825,31.21333333333333,86.57,22.163333333333338,191.1233333333333,880.6033333333334,06:00-08:59,6,8,3,161
Gurugram - Sector 51 Gurugram Collage ,28.422649,77.0664,30.363333333333333,95.0,30.89333333333333,199.83333333333331,580.69,06:00-08:59,6,8,3,167
Gurugram - Sector 51_2,28.423302,77.067241,30.356666666666666,95.0,31.75333333333333,200.57666666666668,421.6966666666667,06:00-08:59,6,8,3,167
Gurugram - Sector 52A,28.432592,77.091672,29.94,95.0,34.096666666666664,202.8733333333333,441.9633333333333,06:00-08:59,6,8,3,169
Gurugram - Sector 55 Shushant University,28.431094,77.111638,30.886666666666667,90.23,29.366666666666664,69.95666666666666,457.2366666666667,06:00-08:59,6,8,3,70
Gurugram - Sector 56,28.424885,77.103146,29.83666666666667,95.0,37.59,206.48,423.0266666666666,06:00-08:59,6,8,3,171
Gurugram - Sector 57 SDM office,28.42349,77.076552,29.55666666666667,95.0,36.00333333333333,204.95,400.0,06:00-08:59,6,8,3,170
Gurugram - Sector 65 police Station,28.401424,77.062531,30.540000000000003,94.96666666666664,29.24,198.13333333333333,625.0533333333333,06:00-08:59,6,8,3,166
Gurugram - Sector 68,28.392163,77.047775,29.683333333333334,95.0,37.61333333333334,206.39333333333332,503.0733333333333,06:00-08:59,6,8,3,171
Gurugram - Sector 7,28.374427,76.917052,25.016666666666666,95.0,26.706666666666667,114.61,515.2233333333334,06:00-08:59,6,8,3,110
Gurugram - Sector 70,28.39442,77.027833,30.39333333333333,90.78000000000002,24.75,193.53666666666663,481.43666666666667,06:00-08:59,6,8,3,162
Gurugram - Sector 8,28.460299,77.019487,30.01333333333333,94.52333333333333,33.40333333333333,70.69333333333333,597.29,06:00-08:59,6,8,3,71
Gurugram - Sector 80,28.363209,76.957682,30.56,82.61333333333333,21.93,108.01666666666668,404.7966666666666,06:00-08:59,6,8,3,106
Gurugram - Sector 81A,28.377381,76.954739,30.183333333333334,95.0,24.236666666666668,112.11,400.0,06:00-08:59,6,8,3,108
Gurugram - Sector 82,28.395279,76.959695,24.45,95.0,29.94666666666667,117.82,499.4933333333333,06:00-08:59,6,8,3,112
Gurugram - Sector 88 ,28.421434,76.956804,31.8,80.18333333333332,25.653333333333336,111.19666666666666,404.3566666666666,06:00-08:59,6,8,3,108
Gurugram - Sector 91,28.403298,76.915898,31.64333333333333,81.03666666666666,23.263333333333332,111.13333333333333,441.7833333333333,06:00-08:59,6,8,3,108
Gurugram - Sector 92,28.413654,76.912842,24.576666666666668,95.0,30.973333333333333,118.89333333333332,502.09,06:00-08:59,6,8,3,113
Gurugram - Sector 93 police station ,28.42012,76.937518,31.626666666666665,81.93,24.35333333333333,110.63333333333333,411.18666666666667,06:00-08:59,6,8,3,107
Gurugram - Shikohpur Village Govt School ,28.370157,76.985032,30.896666666666665,95.0,31.736666666666668,119.60333333333334,403.32666666666665,06:00-08:59,6,8,3,113
Gurugram - Sihi Govt School ,28.409701,76.971676,33.57666666666667,86.98666666666668,23.09,105.21333333333332,494.03,06:00-08:59,6,8,3,104
Gurugram - Silokhra Govt School,28.457423,77.059079,31.33333333333333,83.10000000000001,38.21666666666667,74.52,401.6666666666667,06:00-08:59,6,8,3,75
Gurugram - Tahsil Badshahpur,28.399713,77.055285,30.23,95.0,33.333333333333336,202.34333333333333,565.2966666666666,06:00-08:59,6,8,3,168
Gurugram - Teri gram ,28.426002,77.146263,33.583333333333336,86.56666666666666,27.22666666666667,67.83666666666666,622.6633333333333,06:00-08:59,6,8,3,68
Gurugram - Tigra Govt School ,28.416801,77.072824,30.34,95.0,33.723333333333336,202.60666666666663,418.23333333333335,06:00-08:59,6,8,3,169
Gurugram - Ullawas Govt School,28.404975,77.095545,29.89,92.25666666666666,24.62333333333333,193.4466666666667,400.0,06:00-08:59,6,8,3,162
Gurugram Sector 5&6,28.477048,77.021459,32.39666666666667,73.79333333333334,40.196666666666665,77.34666666666668,416.13,06:00-08:59,6,8,3,77
Sector 14 HSVP Administer office,28.477658,77.046274,30.036666666666665,95.0,30.80666666666667,68.0,,06:00-08:59,6,8,3,68
Gurugram -  Kanhai Bijli Board,28.446669,77.073737,28.48333333333333,83.53,17.22,174.78,434.7533333333333,09:00-11:59,9,11,4,150
Gurugram - Baliawas Govt School,28.424617,77.144362,29.176666666666662,95.0,28.116666666666664,89.74333333333334,493.25666666666666,09:00-11:59,9,11,4,90
Gurugram - Bhondsi Police Training ,28.374168,77.09651,31.12,94.51,26.27,159.67,466.64,09:00-11:59,9,11,4,140
Gurugram - Darbaripur Govt School ,28.385488,77.008011,31.885,95.0,25.72,172.635,400.0,09:00-11:59,9,11,4,149
Gurugram - Daulatbad School  ,28.490547,76.994509,32.24666666666667,79.56333333333333,36.50666666666667,101.34666666666668,478.0833333333333,09:00-11:59,9,11,4,101
Gurugram - Fazilpurb Jharsa Govt School ,28.411836,77.02651,32.01,83.975,20.12,166.945,400.0,09:00-11:59,9,11,4,145
Gurugram - Garouli Khurd Govt School ,28.441068,76.981293,29.126666666666665,93.02,20.07333333333333,84.90666666666667,400.7966666666666,09:00-11:59,9,11,4,85
Gurugram - Ghata Govt School,28.42223,77.113236,30.90333333333333,94.20333333333332,27.63,89.25999999999999,426.67333333333335,09:00-11:59,9,11,4,89
Gurugram - Gwal Pahari Govt School ,28.433922,77.145996,27.565,95.0,24.055,85.16,478.51,09:00-11:59,9,11,4,85
Gurugram - IMT Manesar  Krishna society,28.357999,76.935903,31.26,84.94666666666667,23.570000000000004,115.17666666666668,441.1666666666667,09:00-11:59,9,11,4,110
Gurugram - Jharsa Govt School ,28.441337,77.048096,30.9,95.0,30.49,95.35666666666668,400.0,09:00-11:59,9,11,4,95
Gurugram - Kadarpur Govt School ,28.393339,77.101757,,29.33333333333333,8.416666666666666,38.27666666666666,415.8666666666666,09:00-11:59,9,11,4,38
Gurugram - Krishna Nagar budhera watar plant,28.48293,76.908602,32.473333333333336,83.55333333333334,32.973333333333336,62.41666666666666,405.3066666666667,09:00-11:59,9,11,4,62
Gurugram - Manesar Polytechnic Collage ,28.335762,76.926774,32.45333333333333,90.76333333333334,28.706666666666667,38.67,423.5,09:00-11:59,9,11,4,48
Gurugram - Manesar Village Govt School,28.352222,76.937177,31.27333333333333,88.02333333333333,30.11,114.98,430.22,09:00-11:59,9,11,4,110
Gurugram - Marla Shivaji Nagar Police Station,28.453801,77.020454,31.3,85.79,33.410000000000004,97.42,406.46,09:00-11:59,9,11,4,97
Gurugram - Nurangpur Govt School,28.353966,76.969591,30.540000000000003,95.0,28.25,112.26333333333334,406.6833333333333,09:00-11:59,9,11,4,108
Gurugram - Sector 1,28.365316,76.946438,26.21666666666667,95.0,34.68333333333333,122.8,407.59,09:00-11:59,9,11,4,115
Gurugram - Sector 10,28.45059,76.99679,23.48333333333333,95.0,35.413333333333334,100.46333333333332,435.95666666666665,09:00-11:59,9,11,4,58
Gurugram - Sector 105,28.500617,77.013227,31.286666666666665,81.36666666666666,35.21,100.04,638.62,09:00-11:59,9,11,4,58
Gurugram - Sector 11 - Colocation Vikas Sadan ,28.449563,77.028166,30.3,95.0,33.28666666666666,98.20666666666666,471.3,09:00-11:59,9,11,4,98
Gurugram - Sector 11 PWD Rest House,28.45225,77.03093,32.06,87.715,31.315,98.64,904.955,09:00-11:59,9,11,4,99
Gurugram - Sector 113 ,28.532499,77.02384,30.37333333333333,92.12333333333332,26.71,165.44666666666666,446.94,09:00-11:59,9,11,4,144
Gurugram - Sector 12,28.466067,77.023713,37.123333333333335,56.13666666666666,31.19333333333333,96.03333333333336,537.5533333333333,09:00-11:59,9,11,4,96
Gurugram - Sector 14 shuash chandar park,28.473744,77.053508,24.89333333333333,95.0,24.236666666666668,89.43,478.86,09:00-11:59,9,11,4,89
Gurugram - Sector 15,28.452573,77.040449,30.646666666666665,95.0,29.52333333333333,94.51,560.9466666666667,09:00-11:59,9,11,4,95
Gurugram - Sector 15 MCG Old Committee,28.461273,77.032849,28.606666666666666,93.71666666666664,22.69,87.36,402.27333333333337,09:00-11:59,9,11,4,87
Gurugram - Sector 15 police station ,28.463021,77.047778,31.515,88.405,31.26,99.075,,09:00-11:59,9,11,4,99
Gurugram - Sector 17,28.476462,77.064274,25.596666666666664,95.0,19.03333333333333,87.37666666666667,445.35,09:00-11:59,9,11,4,87
Gurugram - Sector 18,28.486237,77.06628,29.016666666666666,95.0,24.416666666666668,92.62666666666668,485.25666666666666,09:00-11:59,9,11,4,93
Gurugram - Sector 21,28.511332,77.073744,24.536666666666665,95.0,18.426666666666662,86.38666666666666,441.6133333333334,09:00-11:59,9,11,4,86
Gurugram - Sector 22 ,28.500717,77.059503,34.6,62.71333333333333,33.49666666666667,101.78333333333332,535.0866666666666,09:00-11:59,9,11,4,102
Gurugram - Sector 23A community centre,28.508267,77.04119,35.64333333333334,59.65,32.59,96.92666666666666,548.2166666666667,09:00-11:59,9,11,4,97
Gurugram - Sector 24 aravali botanic park,28.482266,77.114755,28.44,95.0,23.546666666666667,91.06666666666666,428.3466666666666,09:00-11:59,9,11,4,91
Gurugram - Sector 29,28.470195,77.063249,30.53,95.0,31.69333333333333,96.45666666666666,462.54,09:00-11:59,9,11,4,96
Gurugram - Sector 38,28.429539,77.037968,31.05,95.0,31.63,96.42,477.32666666666665,09:00-11:59,9,11,4,96
Gurugram - Sector 40,28.450184,77.052716,30.68,95.0,29.225,99.075,427.465,09:00-11:59,9,11,4,99
Gurugram - Sector 43,28.452392,77.092284,28.155,95.0,23.6375,78.925,484.635,09:00-11:59,9,11,4,79
Gurugram - Sector 44,28.455281,77.069498,29.66,95.0,31.72666666666667,188.32333333333332,458.0733333333333,09:00-11:59,9,11,4,159
Gurugram - Sector 51 Boosting station,28.429797,77.060825,31.506666666666664,89.45,20.036666666666665,176.54999999999998,870.1633333333333,09:00-11:59,9,11,4,151
Gurugram - Sector 51 Gurugram Collage ,28.422649,77.0664,30.23,95.0,29.76333333333333,186.41,564.7933333333334,09:00-11:59,9,11,4,158
Gurugram - Sector 51_2,28.423302,77.067241,30.62333333333333,95.0,30.22666666666667,186.85666666666663,432.1033333333333,09:00-11:59,9,11,4,158
Gurugram - Sector 52 Community centre,28.438543,77.088923,30.72,94.75,23.925,170.625,400.0,09:00-11:59,9,11,4,147
Gurugram - Sector 52A,28.432592,77.091672,30.166666666666668,95.0,25.040000000000003,181.66333333333333,429.97,09:00-11:59,9,11,4,155
Gurugram - Sector 55 Shushant University,28.431094,77.111638,29.55,95.0,31.31,92.97333333333334,414.1133333333334,09:00-11:59,9,11,4,93
Gurugram - Sector 56,28.424885,77.103146,30.71666666666667,95.0,30.136666666666667,184.85,402.3033333333333,09:00-11:59,9,11,4,157
Gurugram - Sector 57 SDM office,28.42349,77.076552,28.486666666666668,95.0,29.16333333333333,186.32333333333332,400.0,09:00-11:59,9,11,4,158
Gurugram - Sector 65 police Station,28.401424,77.062531,31.313333333333333,94.55666666666669,25.486666666666668,182.36,620.2333333333332,09:00-11:59,9,11,4,155
Gurugram - Sector 68,28.392163,77.047775,30.790000000000003,94.99666666666668,28.113333333333333,182.54,473.90333333333336,09:00-11:59,9,11,4,155
Gurugram - Sector 7,28.374427,76.917052,23.85666666666667,95.0,19.16333333333333,109.07333333333334,488.7366666666667,09:00-11:59,9,11,4,106
Gurugram - Sector 70,28.39442,77.027833,30.536666666666665,94.53333333333336,29.356666666666666,185.82666666666668,453.82666666666665,09:00-11:59,9,11,4,157
Gurugram - Sector 8,28.460299,77.019487,28.96333333333333,94.16666666666669,19.486666666666665,84.83999999999999,566.83,09:00-11:59,9,11,4,85
Gurugram - Sector 80,28.363209,76.957682,30.646666666666665,86.58666666666666,27.99666666666667,116.68333333333334,400.0,09:00-11:59,9,11,4,111
Gurugram - Sector 81A,28.377381,76.954739,29.106666666666666,94.59666666666668,15.533333333333331,105.48,400.0,09:00-11:59,9,11,4,104
Gurugram - Sector 82,28.395279,76.959695,23.44,95.0,20.76,110.08666666666666,476.75666666666666,09:00-11:59,9,11,4,107
Gurugram - Sector 84 Community centre,28.400874,76.985808,33.28,82.88,24.555,81.28999999999999,451.47,09:00-11:59,9,11,4,81
Gurugram - Sector 88 ,28.421434,76.956804,32.263333333333335,81.12666666666667,32.653333333333336,120.82,400.1266666666667,09:00-11:59,9,11,4,114
Gurugram - Sector 91,28.403298,76.915898,32.56666666666667,76.58333333333333,31.22,119.15,418.3666666666666,09:00-11:59,9,11,4,113
Gurugram - Sector 92,28.413654,76.912842,23.42,95.0,19.05666666666667,108.39333333333332,458.1666666666667,09:00-11:59,9,11,4,106
Gurugram - Sector 93 police station ,28.42012,76.937518,32.19,80.74333333333334,25.55333333333333,112.66,406.4466666666667,09:00-11:59,9,11,4,109
Gurugram - Shikohpur Village Govt School ,28.370157,76.985032,29.92,95.0,33.6,49.94,517.21,09:00-11:59,9,11,4,55
Gurugram - Sihi Govt School ,28.409701,76.971676,32.98,93.33666666666666,20.91333333333333,108.45333333333332,483.8666666666666,09:00-11:59,9,11,4,106
Gurugram - Silokhra Govt School,28.457423,77.059079,30.89,90.44333333333331,32.77,97.68,400.0,09:00-11:59,9,11,4,98
Gurugram - Tahsil Badshahpur,28.399713,77.055285,28.816666666666663,95.0,30.926666666666662,188.4333333333333,517.8933333333333,09:00-11:59,9,11,4,159
Gurugram - Teri gram ,28.426002,77.146263,33.696666666666665,87.53000000000002,20.496666666666663,82.11,624.98,09:00-11:59,9,11,4,82
Gurugram - Tigra Govt School ,28.416801,77.072824,29.97666666666667,95.0,33.98,190.64,440.8566666666666,09:00-11:59,9,11,4,161
Gurugram - Ullawas Govt School,28.404975,77.095545,29.71,94.98666666666666,27.846666666666664,184.4766666666667,400.0,09:00-11:59,9,11,4,156
Gurugram -Narsinghpur Govt School ,28.416789,76.994569,32.06,87.11500000000001,31.31,106.425,456.07,09:00-11:59,9,11,4,105
Gurugram Sector 5&6,28.477048,77.021459,30.9,82.87333333333333,33.76333333333333,98.60666666666668,405.5966666666666,09:00-11:59,9,11,4,99
Sector 14 HSVP Administer office,28.477658,77.046274,28.686666666666667,95.0,20.27,85.40666666666668,,09:00-11:59,9,11,4,85
VillaBegampur khatola Sector 72 government school,28.416002,77.011896,,39.905,12.37,58.685,445.165,09:00-11:59,9,11,4,59
Village -Sikander Badha Govt School Sec 85,28.40763,76.957412,33.415,84.155,32.595,91.445,,09:00-11:59,9,11,4,91
Village-Garhi Harshau Govt School Sec 95B,28.442477,76.93393,31.23,,8.879999999999999,27.825,427.31,09:00-11:59,9,11,4,28
Gurugram - Baliawas Govt School,28.424617,77.144362,28.9,95.0,28.770000000000003,78.735,471.79,12:00-14:59,12,14,5,79
Gurugram - Bhondsi Govt School ,28.349559,77.06553,29.04,77.0,16.45,110.4,976.56,12:00-14:59,12,14,5,107
Gurugram - Bhondsi Police Training ,28.374168,77.09651,30.315,92.115,25.34,132.255,405.515,12:00-14:59,12,14,5,122
Gurugram - Darbaripur Govt School ,28.385488,77.008011,30.843333333333334,95.0,28.883333333333336,145.07666666666668,400.0,12:00-14:59,12,14,5,130
Gurugram - Daulatbad School  ,28.490547,76.994509,32.01,79.78,32.49,100.42,483.08,12:00-14:59,12,14,5,54
Gurugram - Fazilpurb Jharsa Govt School ,28.411836,77.02651,30.33333333333333,85.49000000000001,21.57333333333333,137.46333333333334,409.4333333333333,12:00-14:59,12,14,5,125
Gurugram - Ghata Govt School,28.42223,77.113236,30.616666666666664,88.50333333333333,22.65,73.17333333333333,401.1766666666667,12:00-14:59,12,14,5,73
Gurugram - Gwal Pahari Govt School ,28.433922,77.145996,28.69666666666667,95.0,26.816666666666663,77.23333333333333,435.52,12:00-14:59,12,14,5,77
Gurugram - IMT Manesar  Krishna society,28.357999,76.935903,28.24,94.96,32.349999999999994,42.540000000000006,465.665,12:00-14:59,12,14,5,53
Gurugram - Jharsa Govt School ,28.441337,77.048096,30.666666666666668,94.95333333333332,22.906666666666663,89.76666666666667,402.3766666666667,12:00-14:59,12,14,5,90
Gurugram - Krishna Nagar budhera watar plant,28.48293,76.908602,33.42666666666667,75.04333333333334,28.97,36.29,400.0,12:00-14:59,12,14,5,48
Gurugram - Manesar Polytechnic Collage ,28.335762,76.926774,30.840000000000003,92.36333333333334,24.18,32.13333333333333,409.65333333333336,12:00-14:59,12,14,5,40
Gurugram - Manesar Village Govt School,28.352222,76.937177,30.58,88.87333333333333,22.343333333333334,31.86,424.52,12:00-14:59,12,14,5,37
Gurugram - Marla Shivaji Nagar Police Station,28.453801,77.020454,30.46333333333333,85.83999999999999,25.013333333333332,92.64333333333332,401.79333333333335,12:00-14:59,12,14,5,93
Gurugram - Sector 1,28.365316,76.946438,25.87333333333333,95.0,22.9,32.43,413.2033333333334,12:00-14:59,12,14,5,38
Gurugram - Sector 10,28.45059,76.99679,23.23,95.0,21.9,89.70666666666666,442.65333333333336,12:00-14:59,12,14,5,90
Gurugram - Sector 105,28.500617,77.013227,30.526666666666667,77.69666666666667,26.930000000000003,94.58666666666666,595.4133333333333,12:00-14:59,12,14,5,95
Gurugram - Sector 11 - Colocation Vikas Sadan ,28.449563,77.028166,30.05,95.0,29.03,95.915,409.455,12:00-14:59,12,14,5,96
Gurugram - Sector 11 PWD Rest House,28.45225,77.03093,30.993333333333336,83.97666666666667,25.89,93.12,876.5,12:00-14:59,12,14,5,93
Gurugram - Sector 113 ,28.532499,77.02384,29.73333333333333,85.77666666666666,19.293333333333333,40.88333333333333,403.57,12:00-14:59,12,14,5,41
Gurugram - Sector 12,28.466067,77.023713,35.32333333333333,58.06,24.00666666666667,91.52,513.5866666666667,12:00-14:59,12,14,5,92
Gurugram - Sector 14 shuash chandar park,28.473744,77.053508,24.16333333333333,95.0,69.57333333333334,137.20666666666668,435.5266666666666,12:00-14:59,12,14,5,130
Gurugram - Sector 15,28.452573,77.040449,28.78,95.0,23.206666666666667,90.82666666666668,499.1766666666667,12:00-14:59,12,14,5,91
Gurugram - Sector 15 MCG Old Committee,28.461273,77.032849,28.49666666666667,91.45,21.486666666666665,89.20333333333333,400.0,12:00-14:59,12,14,5,89
Gurugram - Sector 15 police station ,28.463021,77.047778,30.286666666666665,84.67999999999999,24.290000000000003,91.95333333333332,,12:00-14:59,12,14,5,92
Gurugram - Sector 17,28.476462,77.064274,24.61,94.99666666666668,64.70666666666666,88.66333333333334,406.3966666666667,12:00-14:59,12,14,5,114
Gurugram - Sector 18,28.486237,77.06628,28.21,94.82333333333334,19.89333333333333,43.86333333333334,444.8633333333333,12:00-14:59,12,14,5,44
Gurugram - Sector 21,28.511332,77.073744,24.16,95.0,50.06666666666666,74.06333333333333,410.8233333333333,12:00-14:59,12,14,5,83
Gurugram - Sector 22 ,28.500717,77.059503,33.10666666666666,61.49666666666667,20.546666666666667,44.403333333333336,481.7833333333333,12:00-14:59,12,14,5,44
Gurugram - Sector 23A community centre,28.508267,77.04119,34.01,59.81666666666666,23.69,91.34,517.4266666666666,12:00-14:59,12,14,5,91
Gurugram - Sector 24 aravali botanic park,28.482266,77.114755,28.493333333333336,95.0,17.063333333333333,41.080000000000005,417.38,12:00-14:59,12,14,5,41
Gurugram - Sector 29,28.470195,77.063249,29.596666666666664,93.05666666666669,21.33666666666667,88.96999999999998,440.2766666666666,12:00-14:59,12,14,5,89
Gurugram - Sector 38,28.429539,77.037968,29.93,95.0,24.956666666666667,92.62333333333332,448.19,12:00-14:59,12,14,5,93
Gurugram - Sector 40,28.450184,77.052716,29.83,95.0,21.805,89.285,452.81,12:00-14:59,12,14,5,89
Gurugram - Sector 43,28.452392,77.092284,26.231666666666666,95.0,41.321666666666665,65.36166666666666,461.94,12:00-14:59,12,14,5,68
Gurugram - Sector 44,28.455281,77.069498,29.23,94.92666666666666,27.266666666666666,143.46333333333334,430.1666666666667,12:00-14:59,12,14,5,129
Gurugram - Sector 51 Boosting station,28.429797,77.060825,30.793333333333333,85.02333333333333,22.043333333333333,138.18333333333334,832.3566666666667,12:00-14:59,12,14,5,126
Gurugram - Sector 51 Gurugram Collage ,28.422649,77.0664,30.00333333333333,95.0,31.09,147.29333333333332,534.0033333333333,12:00-14:59,12,14,5,132
Gurugram - Sector 51_2,28.423302,77.067241,30.8,95.0,28.936666666666667,145.15,412.7766666666666,12:00-14:59,12,14,5,130
Gurugram - Sector 52 Community centre,28.438543,77.088923,30.786666666666665,87.25999999999999,23.883333333333336,137.57333333333335,403.2733333333333,12:00-14:59,12,14,5,125
Gurugram - Sector 52A,28.432592,77.091672,29.566666666666663,94.90666666666668,30.593333333333334,146.48,402.91333333333336,12:00-14:59,12,14,5,131
Gurugram - Sector 55 Shushant University,28.431094,77.111638,30.813333333333333,88.56666666666666,26.206666666666667,76.71666666666667,401.2866666666666,12:00-14:59,12,14,5,77
Gurugram - Sector 65 police Station,28.401424,77.062531,31.816666666666663,84.76666666666667,23.24666666666667,139.41,592.8666666666667,12:00-14:59,12,14,5,127
Gurugram - Sector 68,28.392163,77.047775,30.55666666666667,90.09,26.126666666666665,142.3033333333333,457.4,12:00-14:59,12,14,5,128
Gurugram - Sector 70,28.39442,77.027833,30.113333333333333,90.96999999999998,26.313333333333333,142.40333333333334,428.8333333333333,12:00-14:59,12,14,5,129
Gurugram - Sector 80,28.363209,76.957682,30.016666666666666,84.13,23.53,33.093333333333334,400.0,12:00-14:59,12,14,5,39
Gurugram - Sector 84 Community centre,28.400874,76.985808,32.06,83.30666666666667,21.93,31.51,405.28,12:00-14:59,12,14,5,37
Gurugram - Sector 88 ,28.421434,76.956804,32.18666666666667,77.42,22.63,32.16,400.0,12:00-14:59,12,14,5,38
Gurugram - Sector 91,28.403298,76.915898,31.10333333333333,83.08333333333333,22.656666666666663,32.196666666666665,400.0,12:00-14:59,12,14,5,38
Gurugram - Sector 93 police station ,28.42012,76.937518,32.50333333333334,77.42333333333333,19.506666666666664,28.69333333333333,402.4933333333333,12:00-14:59,12,14,5,33
Gurugram - Shikohpur Village Govt School ,28.370157,76.985032,30.06,95.0,19.41,28.986666666666668,410.83,12:00-14:59,12,14,5,32
Gurugram - Sihi Govt School ,28.409701,76.971676,31.973333333333333,92.74,24.036666666666665,33.54666666666667,469.2433333333333,12:00-14:59,12,14,5,40
Gurugram - Silokhra Govt School,28.457423,77.059079,30.616666666666664,84.36666666666666,25.46,93.16666666666669,405.2133333333333,12:00-14:59,12,14,5,93
Gurugram - Teri gram ,28.426002,77.146263,32.93666666666667,84.83,22.256666666666664,72.84666666666668,536.0533333333333,12:00-14:59,12,14,5,73
Gurugram - Tigra Govt School ,28.416801,77.072824,29.05,95.0,29.8,144.67666666666668,412.5566666666667,12:00-14:59,12,14,5,130
Gurugram - Ullawas Govt School,28.404975,77.095545,29.493333333333336,90.47666666666667,28.526666666666667,144.70666666666668,400.0,12:00-14:59,12,14,5,130
Gurugram Sector 5&6,28.477048,77.021459,30.02,80.44333333333333,29.60333333333333,97.16,416.3866666666666,12:00-14:59,12,14,5,97
VillaBegampur khatola Sector 72 government school,28.416002,77.011896,,18.456666666666667,5.349999999999999,19.38,445.54333333333335,12:00-14:59,12,14,5,19
Village -Sikander Badha Govt School Sec 85,28.40763,76.957412,32.303333333333335,84.07000000000001,21.776666666666667,31.19,,12:00-14:59,12,14,5,36
Village-Garhi Harshau Govt School Sec 95B,28.442477,76.93393,31.576666666666668,,6.696666666666666,22.65,447.95,12:00-14:59,12,14,5,23
Gurugram - Baliawas Govt School,28.424617,77.144362,30.096666666666664,95.0,31.656666666666663,71.58666666666666,450.6566666666667,15:00-17:59,15,17,6,72
Gurugram - Bhondsi Govt School ,28.349559,77.06553,31.296666666666667,77.17666666666666,26.540000000000003,120.46666666666664,,15:00-17:59,15,17,6,114
Gurugram - Bhondsi Police Training ,28.374168,77.09651,32.17333333333334,87.37,22.41,115.98333333333336,443.7166666666667,15:00-17:59,15,17,6,111
Gurugram - Darbaripur Govt School ,28.385488,77.008011,32.446666666666665,94.98666666666666,29.07333333333333,122.93333333333334,400.0,15:00-17:59,15,17,6,116
Gurugram - Daulatbad School  ,28.490547,76.994509,32.835,71.39500000000001,37.74,84.045,472.52,15:00-17:59,15,17,6,84
Gurugram - Fazilpurb Jharsa Govt School ,28.411836,77.02651,31.80666666666667,77.22666666666667,24.076666666666668,117.91666666666669,400.0,15:00-17:59,15,17,6,112
Gurugram - Ghata Govt School,28.42223,77.113236,31.646666666666665,84.83666666666666,19.453333333333333,59.43333333333334,400.0,15:00-17:59,15,17,6,59
Gurugram - Gwal Pahari Govt School ,28.433922,77.145996,31.266666666666666,95.0,31.44333333333334,71.37666666666667,408.0566666666667,15:00-17:59,15,17,6,71
Gurugram - IMT Manesar  Krishna society,28.357999,76.935903,31.0,85.03,18.186666666666667,46.53,416.88,15:00-17:59,15,17,6,47
Gurugram - Jharsa Govt School ,28.441337,77.048096,32.23666666666667,94.03666666666668,22.326666666666668,67.56333333333333,400.0,15:00-17:59,15,17,6,68
Gurugram - Krishna Nagar budhera watar plant,28.48293,76.908602,35.71,65.65666666666667,23.97,28.83,403.3066666666667,15:00-17:59,15,17,6,40
Gurugram - Manesar Polytechnic Collage ,28.335762,76.926774,31.3,88.06666666666666,17.8,24.22666666666667,403.6466666666667,15:00-17:59,15,17,6,30
Gurugram - Manesar Village Govt School,28.352222,76.937177,31.03333333333333,82.49666666666667,15.006666666666666,43.06333333333333,406.6366666666667,15:00-17:59,15,17,6,43
Gurugram - Marla Shivaji Nagar Police Station,28.453801,77.020454,32.586666666666666,75.92999999999999,28.68,74.04666666666667,402.35666666666674,15:00-17:59,15,17,6,74
Gurugram - Nurangpur Govt School,28.353966,76.969591,31.475,86.61,16.43,47.745000000000005,405.085,15:00-17:59,15,17,6,48
Gurugram - Sector 1,28.365316,76.946438,26.97,95.0,19.916666666666668,48.21,453.5366666666667,15:00-17:59,15,17,6,48
Gurugram - Sector 10,28.45059,76.99679,25.33,95.0,29.21333333333333,74.42333333333333,436.1066666666666,15:00-17:59,15,17,6,74
Gurugram - Sector 105,28.500617,77.013227,32.24666666666667,71.34666666666666,32.263333333333335,76.16666666666667,609.4933333333333,15:00-17:59,15,17,6,76
Gurugram - Sector 11 - Colocation Vikas Sadan ,28.449563,77.028166,31.0,95.0,26.146666666666665,71.32666666666667,458.06,15:00-17:59,15,17,6,71
Gurugram - Sector 11 PWD Rest House,28.45225,77.03093,32.42666666666667,76.52999999999999,30.92,76.06666666666666,871.2033333333333,15:00-17:59,15,17,6,76
Gurugram - Sector 113 ,28.532499,77.02384,31.27,78.54666666666667,22.87,49.35333333333333,401.22333333333336,15:00-17:59,15,17,6,49
Gurugram - Sector 12,28.466067,77.023713,37.24,52.580000000000005,27.96,73.17,518.9066666666666,15:00-17:59,15,17,6,73
Gurugram - Sector 14 shuash chandar park,28.473744,77.053508,25.30333333333333,95.0,27.45,72.44666666666667,453.3733333333333,15:00-17:59,15,17,6,72
Gurugram - Sector 15,28.452573,77.040449,29.74,95.0,29.15,74.45,503.99,15:00-17:59,15,17,6,74
Gurugram - Sector 15 MCG Old Committee,28.461273,77.032849,30.96,82.86,33.14333333333334,78.30666666666667,406.94666666666666,15:00-17:59,15,17,6,78
Gurugram - Sector 15 police station ,28.463021,77.047778,31.686666666666667,77.94333333333333,31.23,76.44333333333334,,15:00-17:59,15,17,6,76
Gurugram - Sector 17,28.476462,77.064274,25.576666666666668,94.98,20.936666666666667,43.953333333333326,467.19,15:00-17:59,15,17,6,44
Gurugram - Sector 18,28.486237,77.06628,29.58,92.48666666666668,20.23333333333333,43.27,462.54,15:00-17:59,15,17,6,43
Gurugram - Sector 21,28.511332,77.073744,25.316666666666663,95.0,19.726666666666667,42.75,414.8533333333333,15:00-17:59,15,17,6,43
Gurugram - Sector 22 ,28.500717,77.059503,34.943333333333335,57.32333333333333,24.21333333333333,47.05666666666667,507.0033333333333,15:00-17:59,15,17,6,47
Gurugram - Sector 23A community centre,28.508267,77.04119,36.12,54.56666666666666,26.53333333333333,71.75333333333333,531.98,15:00-17:59,15,17,6,72
Gurugram - Sector 24 aravali botanic park,28.482266,77.114755,30.153333333333336,95.0,21.066666666666663,44.02333333333333,454.91333333333336,15:00-17:59,15,17,6,44
Gurugram - Sector 29,28.470195,77.063249,30.776666666666667,87.80333333333333,28.28,73.50333333333333,441.9266666666667,15:00-17:59,15,17,6,74
Gurugram - Sector 38,28.429539,77.037968,30.973333333333333,95.0,26.89,72.29666666666667,447.85,15:00-17:59,15,17,6,72
Gurugram - Sector 40,28.450184,77.052716,30.683333333333334,95.0,24.19666666666667,69.42333333333333,417.54,15:00-17:59,15,17,6,69
Gurugram - Sector 43,28.452392,77.092284,27.42833333333333,95.0,20.23,43.19833333333333,446.31,15:00-17:59,15,17,6,43
Gurugram - Sector 44,28.455281,77.069498,31.223333333333333,93.00333333333332,24.613333333333333,118.19333333333334,431.7,15:00-17:59,15,17,6,112
Gurugram - Sector 51 Boosting station,28.429797,77.060825,32.53333333333333,76.45666666666666,23.22666666666667,115.41666666666669,833.6566666666666,15:00-17:59,15,17,6,111
Gurugram - Sector 51 Gurugram Collage ,28.422649,77.0664,32.42333333333333,95.0,23.673333333333336,117.75,533.1233333333333,15:00-17:59,15,17,6,112
Gurugram - Sector 51_2,28.423302,77.067241,33.22666666666667,95.0,22.523333333333337,117.11333333333332,434.68666666666667,15:00-17:59,15,17,6,112
Gurugram - Sector 52 Community centre,28.438543,77.088923,32.77,79.35000000000001,21.44666666666667,115.31,400.1,15:00-17:59,15,17,6,111
Gurugram - Sector 52A,28.432592,77.091672,30.97,94.97666666666667,23.74,117.60666666666668,400.33,15:00-17:59,15,17,6,112
Gurugram - Sector 55 Shushant University,28.431094,77.111638,32.82,76.88,31.986666666666665,71.92666666666666,401.07666666666665,15:00-17:59,15,17,6,72
Gurugram - Sector 65 police Station,28.401424,77.062531,34.74666666666667,71.57,25.286666666666665,119.08666666666666,562.1766666666666,15:00-17:59,15,17,6,113
Gurugram - Sector 68,28.392163,77.047775,32.31,80.85000000000001,22.626666666666665,116.41333333333334,456.42333333333335,15:00-17:59,15,17,6,111
Gurugram - Sector 70,28.39442,77.027833,31.73,78.32333333333334,20.723333333333333,114.49333333333334,421.21,15:00-17:59,15,17,6,110
Gurugram - Sector 80,28.363209,76.957682,31.30666666666667,72.43333333333334,21.05333333333333,49.38333333333333,400.0,15:00-17:59,15,17,6,49
Gurugram - Sector 84 Community centre,28.400874,76.985808,33.223333333333336,74.24,20.756666666666668,49.153333333333336,401.4533333333334,15:00-17:59,15,17,6,49
Gurugram - Sector 88 ,28.421434,76.956804,33.49,68.14999999999999,18.48333333333333,46.85999999999999,400.0,15:00-17:59,15,17,6,47
Gurugram - Sector 91,28.403298,76.915898,31.74,75.24666666666667,19.75,47.28333333333333,419.0233333333333,15:00-17:59,15,17,6,47
Gurugram - Sector 93 police station ,28.42012,76.937518,33.28333333333333,70.82333333333334,20.223333333333333,48.73,401.68,15:00-17:59,15,17,6,49
Gurugram - Shikohpur Village Govt School ,28.370157,76.985032,32.38,94.30666666666669,18.703333333333333,47.04666666666666,400.0,15:00-17:59,15,17,6,47
Gurugram - Sihi Govt School ,28.409701,76.971676,32.410000000000004,85.95,18.38,46.830000000000005,451.5133333333333,15:00-17:59,15,17,6,47
Gurugram - Silokhra Govt School,28.457423,77.059079,31.78333333333333,78.05333333333334,30.183333333333334,75.12333333333333,402.47333333333336,15:00-17:59,15,17,6,75
Gurugram - Teri gram ,28.426002,77.146263,31.85,70.62,15.62,58.49,2283.0,15:00-17:59,15,17,6,58
Gurugram - Tigra Govt School ,28.416801,77.072824,30.21666666666667,94.99666666666668,27.846666666666664,121.68666666666668,400.0,15:00-17:59,15,17,6,115
Gurugram - Ullawas Govt School,28.404975,77.095545,31.183333333333334,83.74,23.646666666666665,117.48666666666668,400.0,15:00-17:59,15,17,6,112
Gurugram -Narsinghpur Govt School ,28.416789,76.994569,31.275,85.12,29.34,75.66499999999999,439.21,15:00-17:59,15,17,6,76
Gurugram Sector 5&6,28.477048,77.021459,31.256666666666664,74.78666666666668,27.01,71.23,407.16333333333336,15:00-17:59,15,17,6,71
VillaBegampur khatola Sector 72 government school,28.416002,77.011896,,35.63333333333333,10.743333333333332,46.153333333333336,444.67333333333335,15:00-17:59,15,17,6,46
Village -Sikander Badha Govt School Sec 85,28.40763,76.957412,33.333333333333336,74.01,19.66,48.1,,15:00-17:59,15,17,6,48
Village-Garhi Harshau Govt School Sec 95B,28.442477,76.93393,32.403333333333336,,7.35,19.336666666666662,417.77,15:00-17:59,15,17,6,19
Gurugram - Baliawas Govt School,28.424617,77.144362,30.08,95.0,29.34,73.67999999999999,490.81,18:00-20:59,18,20,7,74
Gurugram - Bhondsi Govt School ,28.349559,77.06553,30.276666666666667,77.85333333333334,22.816666666666663,228.46,,18:00-20:59,18,20,7,186
Gurugram - Bhondsi Police Training ,28.374168,77.09651,31.14,90.54,21.05,225.37,455.00666666666666,18:00-20:59,18,20,7,184
Gurugram - Darbaripur Govt School ,28.385488,77.008011,31.820000000000004,95.0,29.50666666666667,234.91333333333333,400.0,18:00-20:59,18,20,7,190
Gurugram - Daulatbad School  ,28.490547,76.994509,32.04666666666667,75.68,37.32333333333333,92.58333333333331,495.65,18:00-20:59,18,20,7,93
Gurugram - Fazilpurb Jharsa Govt School ,28.411836,77.02651,31.786666666666665,80.70666666666666,28.706666666666667,234.41,400.0,18:00-20:59,18,20,7,190
Gurugram - Ghata Govt School,28.42223,77.113236,30.96333333333333,90.5,23.02,67.38,421.94666666666666,18:00-20:59,18,20,7,67
Gurugram - Gwal Pahari Govt School ,28.433922,77.145996,30.706666666666667,95.0,26.863333333333333,71.31,400.0,18:00-20:59,18,20,7,71
Gurugram - IMT Manesar  Krishna society,28.357999,76.935903,31.386666666666667,86.58999999999999,23.723333333333333,166.17999999999998,443.29333333333335,18:00-20:59,18,20,7,144
Gurugram - Jharsa Govt School ,28.441337,77.048096,31.456666666666667,95.0,31.356666666666666,86.56666666666666,400.0,18:00-20:59,18,20,7,87
Gurugram - Krishna Nagar budhera watar plant,28.48293,76.908602,33.410000000000004,76.77999999999999,26.30333333333333,39.54666666666667,405.44666666666666,18:00-20:59,18,20,7,44
Gurugram - Manesar Polytechnic Collage ,28.335762,76.926774,30.87,94.16666666666669,28.863333333333333,34.03333333333333,443.58,18:00-20:59,18,20,7,48
Gurugram - Manesar Village Govt School,28.352222,76.937177,31.133333333333336,86.05666666666667,27.113333333333333,170.27333333333334,430.9,18:00-20:59,18,20,7,147
Gurugram - Marla Shivaji Nagar Police Station,28.453801,77.020454,31.47666666666667,82.16666666666667,33.65,88.55333333333333,425.83,18:00-20:59,18,20,7,89
Gurugram - Nurangpur Govt School,28.353966,76.969591,30.993333333333336,93.28333333333336,27.48333333333333,168.88333333333333,400.0,18:00-20:59,18,20,7,146
Gurugram - Sector 1,28.365316,76.946438,25.95,95.0,30.66,171.90666666666667,486.33,18:00-20:59,18,20,7,148
Gurugram - Sector 10,28.45059,76.99679,24.97,95.0,30.33,85.42999999999999,472.18,18:00-20:59,18,20,7,85
Gurugram - Sector 105,28.500617,77.013227,31.4,76.96333333333332,36.36333333333334,91.03666666666668,638.2533333333333,18:00-20:59,18,20,7,91
Gurugram - Sector 11 - Colocation Vikas Sadan ,28.449563,77.028166,31.096666666666664,95.0,31.62,86.79666666666667,499.5633333333333,18:00-20:59,18,20,7,87
Gurugram - Sector 11 PWD Rest House,28.45225,77.03093,31.39,84.45666666666666,36.57,91.77666666666666,908.7633333333332,18:00-20:59,18,20,7,92
Gurugram - Sector 113 ,28.532499,77.02384,30.843333333333334,83.22666666666667,22.55333333333333,114.95,442.7166666666667,18:00-20:59,18,20,7,110
Gurugram - Sector 12,28.466067,77.023713,36.85666666666666,54.74,39.89666666666667,95.08,556.6533333333333,18:00-20:59,18,20,7,95
Gurugram - Sector 14 shuash chandar park,28.473744,77.053508,25.03,95.0,26.590000000000003,81.93666666666667,461.8766666666667,18:00-20:59,18,20,7,82
Gurugram - Sector 15,28.452573,77.040449,30.096666666666668,95.0,33.416666666666664,88.58,547.1733333333333,18:00-20:59,18,20,7,89
Gurugram - Sector 15 MCG Old Committee,28.461273,77.032849,30.26333333333333,89.24666666666667,30.77,85.99000000000001,431.66333333333336,18:00-20:59,18,20,7,86
Gurugram - Sector 15 police station ,28.463021,77.047778,31.34,83.10000000000001,36.17,91.35,,18:00-20:59,18,20,7,91
Gurugram - Sector 17,28.476462,77.064274,25.69333333333333,95.0,22.50333333333333,86.76,512.43,18:00-20:59,18,20,7,87
Gurugram - Sector 18,28.486237,77.06628,29.73,94.72333333333334,26.043333333333333,90.45666666666666,500.99,18:00-20:59,18,20,7,90
Gurugram - Sector 21,28.511332,77.073744,24.97,95.0,20.790000000000003,85.13333333333333,461.96333333333337,18:00-20:59,18,20,7,85
Gurugram - Sector 22 ,28.500717,77.059503,35.300000000000004,58.17,25.820000000000004,89.89999999999999,562.1733333333333,18:00-20:59,18,20,7,90
Gurugram - Sector 23A community centre,28.508267,77.04119,35.74666666666666,56.85,30.063333333333333,85.23666666666666,573.3000000000001,18:00-20:59,18,20,7,85
Gurugram - Sector 29,28.470195,77.063249,30.74333333333333,90.88,32.666666666666664,87.82333333333334,489.56666666666666,18:00-20:59,18,20,7,88
Gurugram - Sector 38,28.429539,77.037968,30.80333333333333,95.0,32.583333333333336,87.84666666666665,477.62000000000006,18:00-20:59,18,20,7,88
Gurugram - Sector 40,28.450184,77.052716,30.99666666666667,94.77666666666666,31.78333333333333,86.94333333333333,465.25666666666666,18:00-20:59,18,20,7,87
Gurugram - Sector 43,28.452392,77.092284,27.308333333333334,95.0,25.061666666666667,89.61833333333334,468.16833333333335,18:00-20:59,18,20,7,90
Gurugram - Sector 44,28.455281,77.069498,30.063333333333333,95.0,29.58,236.7933333333333,424.0366666666667,18:00-20:59,18,20,7,191
Gurugram - Sector 51 Boosting station,28.429797,77.060825,31.540000000000003,83.26666666666667,21.52333333333333,228.3733333333333,865.3366666666666,18:00-20:59,18,20,7,186
Gurugram - Sector 51 Gurugram Collage ,28.422649,77.0664,30.403333333333336,95.0,26.896666666666665,229.80666666666664,543.6766666666666,18:00-20:59,18,20,7,187
Gurugram - Sector 51_2,28.423302,77.067241,30.683333333333334,95.0,29.793333333333333,236.25,473.19000000000005,18:00-20:59,18,20,7,191
Gurugram - Sector 52 Community centre,28.438543,77.088923,30.94333333333333,90.35,22.74,227.58333333333331,404.3633333333333,18:00-20:59,18,20,7,185
Gurugram - Sector 52A,28.432592,77.091672,29.793333333333333,95.0,29.706666666666667,236.06000000000003,424.9966666666666,18:00-20:59,18,20,7,191
Gurugram - Sector 55 Shushant University,28.431094,77.111638,31.69333333333333,87.43,22.44,66.82,430.6366666666667,18:00-20:59,18,20,7,67
Gurugram - Sector 65 police Station,28.401424,77.062531,31.75,88.64999999999999,18.926666666666662,224.98333333333332,596.86,18:00-20:59,18,20,7,183
Gurugram - Sector 68,28.392163,77.047775,31.15,91.21,19.116666666666664,225.81333333333336,493.9533333333334,18:00-20:59,18,20,7,184
Gurugram - Sector 70,28.39442,77.027833,31.166666666666668,83.75,23.016666666666666,229.03,475.2966666666666,18:00-20:59,18,20,7,186
Gurugram - Sector 8 IMT Manesar,28.37528384,76.89897382,30.8,85.095,24.58,157.655,425.74,18:00-20:59,18,20,7,139
Gurugram - Sector 80,28.363209,76.957682,30.37,81.91333333333334,25.68,166.4,400.0,18:00-20:59,18,20,7,144
Gurugram - Sector 84 Community centre,28.400874,76.985808,32.156666666666666,83.14999999999999,28.78,170.97000000000003,406.44666666666666,18:00-20:59,18,20,7,147
Gurugram - Sector 88 ,28.421434,76.956804,32.25,76.94,24.28,165.76666666666668,407.73,18:00-20:59,18,20,7,144
Gurugram - Sector 91,28.403298,76.915898,31.366666666666664,79.66666666666667,25.540000000000003,167.05666666666667,400.0,18:00-20:59,18,20,7,145
Gurugram - Sector 93 police station ,28.42012,76.937518,33.050000000000004,74.89333333333333,25.916666666666668,170.47666666666666,426.33,18:00-20:59,18,20,7,147
Gurugram - Shikohpur Village Govt School ,28.370157,76.985032,31.13,95.0,26.19333333333333,168.59666666666666,400.0,18:00-20:59,18,20,7,146
Gurugram - Sihi Govt School ,28.409701,76.971676,32.806666666666665,89.72333333333334,28.166666666666668,170.61,474.7466666666666,18:00-20:59,18,20,7,147
Gurugram - Silokhra Govt School,28.457423,77.059079,31.65,81.37666666666667,38.53666666666667,93.71,400.9533333333334,18:00-20:59,18,20,7,94
Gurugram - Tigra Govt School ,28.416801,77.072824,30.27,95.0,33.06,235.7166666666667,407.8433333333333,18:00-20:59,18,20,7,191
Gurugram - Ullawas Govt School,28.404975,77.095545,30.596666666666668,88.81333333333333,22.60333333333333,228.31000000000003,400.0,18:00-20:59,18,20,7,186
Gurugram -Narsinghpur Govt School ,28.416789,76.994569,31.97666666666667,83.14999999999999,34.74333333333333,89.91333333333334,458.42,18:00-20:59,18,20,7,90
Gurugram Sector 5&6,28.477048,77.021459,30.986666666666668,78.11,38.16666666666666,93.39666666666666,404.8,18:00-20:59,18,20,7,93
VillaBegampur khatola Sector 72 government school,28.416002,77.011896,,39.056666666666665,13.796666666666669,87.61,439.74,18:00-20:59,18,20,7,88
Village -Sikander Badha Govt School Sec 85,28.40763,76.957412,32.27,82.34,29.03,170.42,,18:00-20:59,18,20,7,147
Village-Garhi Harshau Govt School Sec 95B,28.442477,76.93393,31.596666666666664,22.32,8.76,36.34666666666666,455.23,18:00-20:59,18,20,7,36
Gurugram - Baliawas Govt School,28.424617,77.144362,29.58666666666667,95.0,36.446666666666665,84.26333333333334,506.8833333333334,21:00-23:59,21,23,8,84
Gurugram - Bhondsi Govt School ,28.349559,77.06553,30.33333333333333,78.3,28.98333333333333,317.32666666666665,,21:00-23:59,21,23,8,267
Gurugram - Bhondsi Police Training ,28.374168,77.09651,30.49,94.99666666666668,22.14333333333333,310.5733333333333,473.90333333333336,21:00-23:59,21,23,8,261
Gurugram - Darbaripur Govt School ,28.385488,77.008011,30.92333333333333,95.0,27.85,316.15333333333336,400.0,21:00-23:59,21,23,8,266
Gurugram - Daulatbad School  ,28.490547,76.994509,31.295,78.515,36.965,114.38,484.375,21:00-23:59,21,23,8,110
Gurugram - Fazilpurb Jharsa Govt School ,28.411836,77.02651,31.42,80.66333333333334,26.08333333333333,314.58666666666664,400.0,21:00-23:59,21,23,8,265
Gurugram - Ghata Govt School,28.42223,77.113236,30.57,91.68,25.86,74.11333333333333,431.45666666666665,21:00-23:59,21,23,8,74
Gurugram - Gwal Pahari Govt School ,28.433922,77.145996,30.34,95.0,30.796666666666667,79.24,408.25666666666666,21:00-23:59,21,23,8,79
Gurugram - IMT Manesar  Krishna society,28.357999,76.935903,31.10333333333333,88.05,29.413333333333338,161.36666666666665,463.4066666666667,21:00-23:59,21,23,8,141
Gurugram - Jharsa Govt School ,28.441337,77.048096,31.21,95.0,28.76333333333333,100.39666666666666,400.0,21:00-23:59,21,23,8,48
Gurugram - Krishna Nagar budhera watar plant,28.48293,76.908602,31.96,82.97,29.64333333333333,39.13999999999999,410.42,21:00-23:59,21,23,8,49
Gurugram - Manesar Polytechnic Collage ,28.335762,76.926774,30.27333333333333,95.0,30.366666666666664,34.89666666666667,468.26,21:00-23:59,21,23,8,35
Gurugram - Manesar Village Govt School,28.352222,76.937177,30.71,88.61333333333333,28.14,156.07666666666668,447.2433333333333,21:00-23:59,21,23,8,138
Gurugram - Marla Shivaji Nagar Police Station,28.453801,77.020454,30.876666666666665,83.26,30.136666666666667,101.6,412.9333333333333,21:00-23:59,21,23,8,101
Gurugram - Nurangpur Govt School,28.353966,76.969591,30.45,95.0,19.906666666666663,152.08,400.0,21:00-23:59,21,23,8,135
Gurugram - Sector 1,28.365316,76.946438,25.2,95.0,25.493333333333336,158.14666666666668,496.23333333333335,21:00-23:59,21,23,8,139
Gurugram - Sector 10,28.45059,76.99679,24.47,94.29,27.78333333333333,99.13666666666666,472.5933333333333,21:00-23:59,21,23,8,99
Gurugram - Sector 105,28.500617,77.013227,30.85,79.49666666666667,38.74,110.28333333333336,640.1333333333333,21:00-23:59,21,23,8,107
Gurugram - Sector 11 - Colocation Vikas Sadan ,28.449563,77.028166,30.44,95.0,29.42333333333333,100.95333333333332,475.26,21:00-23:59,21,23,8,49
Gurugram - Sector 11 PWD Rest House,28.45225,77.03093,31.27,83.23333333333333,33.300000000000004,104.89666666666666,899.2066666666666,21:00-23:59,21,23,8,104
Gurugram - Sector 113 ,28.532499,77.02384,30.436666666666667,85.83,23.146666666666665,98.73666666666668,469.76666666666665,21:00-23:59,21,23,8,99
Gurugram - Sector 12,28.466067,77.023713,36.50333333333333,54.95333333333334,33.88666666666666,104.71999999999998,553.6166666666667,21:00-23:59,21,23,8,103
Gurugram - Sector 14 shuash chandar park,28.473744,77.053508,25.18,95.0,22.19666666666667,93.72,478.79333333333335,21:00-23:59,21,23,8,94
Gurugram - Sector 15,28.452573,77.040449,29.75333333333333,95.0,34.1,105.80333333333331,528.46,21:00-23:59,21,23,8,104
Gurugram - Sector 15 MCG Old Committee,28.461273,77.032849,29.793333333333333,91.35,28.69666666666667,100.28,426.38000000000005,21:00-23:59,21,23,8,48
Gurugram - Sector 15 police station ,28.463021,77.047778,30.863333333333333,84.11666666666666,33.88,105.42333333333332,,21:00-23:59,21,23,8,104
Gurugram - Sector 17,28.476462,77.064274,25.56,94.57666666666668,22.666666666666668,65.10333333333334,499.33,21:00-23:59,21,23,8,65
Gurugram - Sector 18,28.486237,77.06628,29.53,95.0,23.44,56.91,501.17,21:00-23:59,21,23,8,57
Gurugram - Sector 21,28.511332,77.073744,24.80333333333333,95.0,20.75,63.43333333333334,452.03,21:00-23:59,21,23,8,63
Gurugram - Sector 22 ,28.500717,77.059503,34.919999999999995,58.68333333333334,27.07333333333333,69.5,570.8466666666667,21:00-23:59,21,23,8,70
Gurugram - Sector 23A community centre,28.508267,77.04119,34.78,59.080000000000005,27.046666666666667,98.56,571.13,21:00-23:59,21,23,8,99
Gurugram - Sector 29,28.470195,77.063249,30.64,90.17333333333332,33.25,104.81333333333332,484.39,21:00-23:59,21,23,8,104
Gurugram - Sector 38,28.429539,77.037968,30.16,95.0,35.29,107.06,468.4933333333333,21:00-23:59,21,23,8,105
Gurugram - Sector 40,28.450184,77.052716,30.85,95.0,29.675,106.68,455.775,21:00-23:59,21,23,8,105
Gurugram - Sector 43,28.452392,77.092284,27.24833333333333,95.0,22.815,65.45333333333333,467.7416666666666,21:00-23:59,21,23,8,65
Gurugram - Sector 44,28.455281,77.069498,29.25666666666667,93.59,31.78,310.56666666666666,416.8666666666666,21:00-23:59,21,23,8,261
Gurugram - Sector 51 Boosting station,28.429797,77.060825,31.166666666666668,83.56333333333333,26.33666666666667,312.43666666666667,864.9033333333333,21:00-23:59,21,23,8,262
Gurugram - Sector 51 Gurugram Collage ,28.422649,77.0664,30.06,95.0,32.22666666666667,319.56,564.0466666666667,21:00-23:59,21,23,8,270
Gurugram - Sector 51_2,28.423302,77.067241,30.23,94.46666666666664,30.30333333333333,316.7866666666667,479.5566666666667,21:00-23:59,21,23,8,267
Gurugram - Sector 52 Community centre,28.438543,77.088923,30.516666666666666,91.69666666666666,24.116666666666664,312.66,402.02,21:00-23:59,21,23,8,263
Gurugram - Sector 52A,28.432592,77.091672,29.633333333333336,95.0,24.68,313.45,416.9166666666667,21:00-23:59,21,23,8,263
Gurugram - Sector 55 Shushant University,28.431094,77.111638,31.426666666666662,86.88,24.23,72.45333333333333,439.71,21:00-23:59,21,23,8,72
Gurugram - Sector 65 police Station,28.401424,77.062531,30.72666666666667,94.00666666666666,24.07333333333333,312.28666666666663,619.37,21:00-23:59,21,23,8,262
Gurugram - Sector 68,28.392163,77.047775,30.62,93.4,22.766666666666666,311.2933333333333,476.07,21:00-23:59,21,23,8,261
Gurugram - Sector 70,28.39442,77.027833,30.626666666666665,85.27666666666666,26.47666666666667,315.2633333333333,458.3233333333333,21:00-23:59,21,23,8,265
Gurugram - Sector 8 IMT Manesar,28.37528384,76.89897382,31.356666666666666,81.11666666666667,29.30666666666667,158.39666666666668,403.0633333333333,21:00-23:59,21,23,8,139
Gurugram - Sector 80,28.363209,76.957682,29.706666666666667,86.56333333333333,23.723333333333333,151.28,403.43,21:00-23:59,21,23,8,134
Gurugram - Sector 84 Community centre,28.400874,76.985808,31.796666666666667,84.95666666666666,36.84,169.51000000000002,402.7166666666667,21:00-23:59,21,23,8,147
Gurugram - Sector 88 ,28.421434,76.956804,31.32333333333333,80.44,32.553333333333335,164.84666666666666,409.5566666666667,21:00-23:59,21,23,8,143
Gurugram - Sector 91,28.403298,76.915898,30.77333333333333,82.22666666666667,33.846666666666664,164.18666666666667,456.9866666666667,21:00-23:59,21,23,8,143
Gurugram - Sector 93 police station ,28.42012,76.937518,32.480000000000004,77.035,26.590000000000003,168.09,420.72,21:00-23:59,21,23,8,146
Gurugram - Shikohpur Village Govt School ,28.370157,76.985032,30.00333333333333,95.0,25.76333333333333,157.64666666666668,403.7266666666667,21:00-23:59,21,23,8,139
Gurugram - Sihi Govt School ,28.409701,76.971676,32.44,91.6,27.14333333333333,159.48666666666665,485.32,21:00-23:59,21,23,8,140
Gurugram - Silokhra Govt School,28.457423,77.059079,31.35333333333333,81.10666666666667,36.63999999999999,108.18333333333334,400.0,21:00-23:59,21,23,8,106
Gurugram - Tigra Govt School ,28.416801,77.072824,29.92333333333333,95.0,31.26,320.6566666666667,402.8966666666667,21:00-23:59,21,23,8,271
Gurugram - Ullawas Govt School,28.404975,77.095545,30.23333333333333,90.55,24.76,313.26,400.0,21:00-23:59,21,23,8,263
Gurugram -Narsinghpur Govt School ,28.416789,76.994569,31.96,83.62,39.77,113.48,469.94,21:00-23:59,21,23,8,109
Gurugram Sector 5&6,28.477048,77.021459,30.85,78.14500000000001,38.25,105.34,418.585,21:00-23:59,21,23,8,104
VillaBegampur khatola Sector 72 government school,28.416002,77.011896,,37.95,12.51,130.73999999999998,442.3033333333333,21:00-23:59,21,23,8,121
Village -Sikander Badha Govt School Sec 85,28.40763,76.957412,31.66333333333333,84.55333333333333,36.64666666666667,166.79333333333332,,21:00-23:59,21,23,8,145
Village-Garhi Harshau Govt School Sec 95B,28.442477,76.93393,31.11,,9.36,40.86333333333334,463.8666666666666,21:00-23:59,21,23,8,41
